vaccine_time,vaccine_amount,12-15,16-49,50-64,65-79
1/1/21,
1/2/21,0.7607622689681762,149670.0,932656.5320661048,322589.20405981364,244657.26387408155
